,title,titleID,html,latest,rank
0,신의 탑,183559,https://comic.naver.com/webtoon/list.nhn?titleId=183559&weekday=mon,459,1
1,뷰티풀 군바리,648419,https://comic.naver.com/webtoon/list.nhn?titleId=648419&weekday=mon,242,2
2,윈드브레이커,602910,https://comic.naver.com/webtoon/list.nhn?titleId=602910&weekday=mon,288,3
3,인생존망,733766,https://comic.naver.com/webtoon/list.nhn?titleId=733766&weekday=mon,5,4
4,평범한 8반,597478,https://comic.naver.com/webtoon/list.nhn?titleId=597478&weekday=mon,286,5
5,귀전구담,694946,https://comic.naver.com/webtoon/list.nhn?titleId=694946&weekday=mon,59,6
6,백수세끼,733074,https://comic.naver.com/webtoon/list.nhn?titleId=733074&weekday=mon,15,7
7,데드라이프,713975,https://comic.naver.com/webtoon/list.nhn?titleId=713975&weekday=mon,74,8
8,니편내편,702422,https://comic.naver.com/webtoon/list.nhn?titleId=702422&weekday=mon,111,9
9,악취,729946,https://comic.naver.com/webtoon/list.nhn?titleId=729946&weekday=mon,25,10
10,용비불패 완전판,723714,https://comic.naver.com/webtoon/list.nhn?titleId=723714&weekday=mon,134,11
11,칼가는 소녀,730174,https://comic.naver.com/webtoon/list.nhn?titleId=730174&weekday=mon,24,12
12,치즈인더트랩 (재),720121,https://comic.naver.com/webtoon/list.nhn?titleId=720121&weekday=mon,304,13
13,링크보이,714185,https://comic.naver.com/webtoon/list.nhn?titleId=714185&weekday=mon,73,14
14,장씨세가 호위무사,728750,https://comic.naver.com/webtoon/list.nhn?titleId=728750&weekday=mon,30,15
15,이것도 친구라고,698888,https://comic.naver.com/webtoon/list.nhn?titleId=698888&weekday=mon,119,16
16,교환일기,727826,https://comic.naver.com/webtoon/list.nhn?titleId=727826&weekday=mon,28,17
17,히어로메이커,21815,https://comic.naver.com/webtoon/list.nhn?titleId=21815&weekday=mon,697,18
18,마왕이 되는 중2야,694807,https://comic.naver.com/webtoon/list.nhn?titleId=694807&weekday=mon,125,19
19,요리GO,703849,https://comic.naver.com/webtoon/list.nhn?titleId=703849&weekday=mon,78,20
20,신을 죽이는 방법,714886,https://comic.naver.com/webtoon/list.nhn?titleId=714886&weekday=mon,71,21
21,일진이 사나워,721949,https://comic.naver.com/webtoon/list.nhn?titleId=721949&weekday=mon,50,22
22,내 여자친구는 상남자,713581,https://comic.naver.com/webtoon/list.nhn?titleId=713581&weekday=mon,133,23
23,첫사랑입니다만,727836,https://comic.naver.com/webtoon/list.nhn?titleId=727836&weekday=mon,32,24
24,같은도장,725830,https://comic.naver.com/webtoon/list.nhn?titleId=725830&weekday=mon,38,25
25,꿈의 기업,687915,https://comic.naver.com/webtoon/list.nhn?titleId=687915&weekday=mon,159,26
26,삶이 우리를 속일지라도,726212,https://comic.naver.com/webtoon/list.nhn?titleId=726212&weekday=mon,37,27
27,귀인,724817,https://comic.naver.com/webtoon/list.nhn?titleId=724817&weekday=mon,42,28
28,위대한 방옥숙,727838,https://comic.naver.com/webtoon/list.nhn?titleId=727838&weekday=mon,32,29
29,닥터 하운드,700858,https://comic.naver.com/webtoon/list.nhn?titleId=700858&weekday=mon,119,30
30,부로콜리왕자,710741,https://comic.naver.com/webtoon/list.nhn?titleId=710741&weekday=mon,81,31
31,정보전사 202,733078,https://comic.naver.com/webtoon/list.nhn?titleId=733078&weekday=mon,12,32
32,피플,706590,https://comic.naver.com/webtoon/list.nhn?titleId=706590&weekday=mon,90,33
33,지옥,730465,https://comic.naver.com/webtoon/list.nhn?titleId=730465&weekday=mon,16,34
34,유일무이 로맨스,709731,https://comic.naver.com/webtoon/list.nhn?titleId=709731&weekday=mon,80,35
35,내 어린고양이와 늙은개 (재),720120,https://comic.naver.com/webtoon/list.nhn?titleId=720120&weekday=mon,160,36
36,요괴대전,726189,https://comic.naver.com/webtoon/list.nhn?titleId=726189&weekday=mon,37,37
37,하슬라,730391,https://comic.naver.com/webtoon/list.nhn?titleId=730391&weekday=mon,23,38
38,모락모락 왕세자님,734918,https://comic.naver.com/webtoon/list.nhn?titleId=734918&weekday=mon,10,39
39,인간의 온도,733770,https://comic.naver.com/webtoon/list.nhn?titleId=733770&weekday=mon,13,40
40,사소한 냐냐,730811,https://comic.naver.com/webtoon/list.nhn?titleId=730811&weekday=mon,45,41
41,여기 악마가 있어,734399,https://comic.naver.com/webtoon/list.nhn?titleId=734399&weekday=mon,11,42
42,플랫다이어리,724965,https://comic.naver.com/webtoon/list.nhn?titleId=724965&weekday=mon,41,43
43,뱀파이어의 꽃,721455,https://comic.naver.com/webtoon/list.nhn?titleId=721455&weekday=mon,53,44
44,물레,737020,https://comic.naver.com/webtoon/list.nhn?titleId=737020&weekday=mon,2,45
45,여신강림,703846,https://comic.naver.com/webtoon/list.nhn?titleId=703846&weekday=tue,88,1
46,마음의소리,20853,https://comic.naver.com/webtoon/list.nhn?titleId=20853&weekday=tue,1204,2
47,랜덤채팅의 그녀!,702608,https://comic.naver.com/webtoon/list.nhn?titleId=702608&weekday=tue,108,3
48,덴마,119874,https://comic.naver.com/webtoon/list.nhn?titleId=119874&weekday=tue,1408,4
49,사이드킥 2~3,642653,https://comic.naver.com/webtoon/list.nhn?titleId=642653&weekday=tue,142,5
50,신도림,683496,https://comic.naver.com/webtoon/list.nhn?titleId=683496&weekday=tue,144,6
51,원주민 공포만화,698918,https://comic.naver.com/webtoon/list.nhn?titleId=698918&weekday=tue,125,7
52,바른연애 길잡이,703852,https://comic.naver.com/webtoon/list.nhn?titleId=703852&weekday=tue,90,8
53,사신소년,730656,https://comic.naver.com/webtoon/list.nhn?titleId=730656&weekday=tue,23,9
54,신의 언어,602287,https://comic.naver.com/webtoon/list.nhn?titleId=602287&weekday=tue,277,10
55,빙탕후루,695321,https://comic.naver.com/webtoon/list.nhn?titleId=695321&weekday=tue,139,11
56,노곤하개,702672,https://comic.naver.com/webtoon/list.nhn?titleId=702672&weekday=tue,184,12
57,은주의 방 2~3부,654138,https://comic.naver.com/webtoon/list.nhn?titleId=654138&weekday=tue,196,13
58,윌유메리미,616239,https://comic.naver.com/webtoon/list.nhn?titleId=616239&weekday=tue,584,14
59,삼국지톡,711422,https://comic.naver.com/webtoon/list.nhn?titleId=711422&weekday=tue,164,15
60,악마와 계약연애,710750,https://comic.naver.com/webtoon/list.nhn?titleId=710750&weekday=tue,71,16
61,에이머,400739,https://comic.naver.com/webtoon/list.nhn?titleId=400739&weekday=tue,357,17
62,제로게임,676695,https://comic.naver.com/webtoon/list.nhn?titleId=676695&weekday=tue,180,18
63,자판귀,703850,https://comic.naver.com/webtoon/list.nhn?titleId=703850&weekday=tue,92,19
64,열정호구,686312,https://comic.naver.com/webtoon/list.nhn?titleId=686312&weekday=tue,151,20
65,하우스키퍼,723046,https://comic.naver.com/webtoon/list.nhn?titleId=723046&weekday=tue,47,21
66,어글리 피플즈,732953,https://comic.naver.com/webtoon/list.nhn?titleId=732953&weekday=tue,16,22
67,문래빗,710758,https://comic.naver.com/webtoon/list.nhn?titleId=710758&weekday=tue,83,23
68,집이 없어,721433,https://comic.naver.com/webtoon/list.nhn?titleId=721433&weekday=tue,50,24
69,3cm 헌터,733458,https://comic.naver.com/webtoon/list.nhn?titleId=733458&weekday=tue,14,25
70,정년이,726214,https://comic.naver.com/webtoon/list.nhn?titleId=726214&weekday=tue,37,26
71,땅 보고 걷는 아이,725831,https://comic.naver.com/webtoon/list.nhn?titleId=725831&weekday=tue,34,27
72,킬링타임,731063,https://comic.naver.com/webtoon/list.nhn?titleId=731063&weekday=tue,22,28
73,헬58,719508,https://comic.naver.com/webtoon/list.nhn?titleId=719508&weekday=tue,56,29
74,피와 살,730148,https://comic.naver.com/webtoon/list.nhn?titleId=730148&weekday=tue,24,30
75,그놈은 흑염룡,733080,https://comic.naver.com/webtoon/list.nhn?titleId=733080&weekday=tue,12,31
76,올가미,732988,https://comic.naver.com/webtoon/list.nhn?titleId=732988&weekday=tue,15,32
77,저세상 클라스!,733765,https://comic.naver.com/webtoon/list.nhn?titleId=733765&weekday=tue,13,33
78,패밀리 사이즈,626906,https://comic.naver.com/webtoon/list.nhn?titleId=626906&weekday=tue,543,34
79,참새는 새!신부,713289,https://comic.naver.com/webtoon/list.nhn?titleId=713289&weekday=tue,76,35
80,너에게만 보이는,733006,https://comic.naver.com/webtoon/list.nhn?titleId=733006&weekday=tue,16,36
81,그날 죽은 나는,731019,https://comic.naver.com/webtoon/list.nhn?titleId=731019&weekday=tue,21,37
82,블랙엔젤,720810,https://comic.naver.com/webtoon/list.nhn?titleId=720810&weekday=tue,53,38
83,가령의 정체불명 이야기,732071,https://comic.naver.com/webtoon/list.nhn?titleId=732071&weekday=tue,17,39
84,조선홍보대행사 조대박,737019,https://comic.naver.com/webtoon/list.nhn?titleId=737019&weekday=tue,4,40
85,장단에 맞춰줘!,735247,https://comic.naver.com/webtoon/list.nhn?titleId=735247&weekday=tue,10,41
86,꿀벌과 아카시아,722728,https://comic.naver.com/webtoon/list.nhn?titleId=722728&weekday=tue,47,42
87,유미의 세포들,651673,https://comic.naver.com/webtoon/list.nhn?titleId=651673&weekday=wed,442,1
88,복학왕,626907,https://comic.naver.com/webtoon/list.nhn?titleId=626907&weekday=wed,281,2
89,연놈,667573,https://comic.naver.com/webtoon/list.nhn?titleId=667573&weekday=wed,210,3
90,헬퍼 2,670143,https://comic.naver.com/webtoon/list.nhn?titleId=670143&weekday=wed,203,4
91,개장수,729255,https://comic.naver.com/webtoon/list.nhn?titleId=729255&weekday=wed,28,5
92,세상은 돈과 권력,710747,https://comic.naver.com/webtoon/list.nhn?titleId=710747&weekday=wed,85,6
93,고삼무쌍,728126,https://comic.naver.com/webtoon/list.nhn?titleId=728126&weekday=wed,31,7
94,이츠마인,710760,https://comic.naver.com/webtoon/list.nhn?titleId=710760&weekday=wed,81,8
95,신석기녀,703308,https://comic.naver.com/webtoon/list.nhn?titleId=703308&weekday=wed,97,9
96,레사 시즌2~3,603159,https://comic.naver.com/webtoon/list.nhn?titleId=603159&weekday=wed,187,10
97,용비불패 완전판,723714,https://comic.naver.com/webtoon/list.nhn?titleId=723714&weekday=wed,134,11
98,격기3반,701535,https://comic.naver.com/webtoon/list.nhn?titleId=701535&weekday=wed,113,12
99,얼굴천재,735979,https://comic.naver.com/webtoon/list.nhn?titleId=735979&weekday=wed,7,13
100,아도나이,725829,https://comic.naver.com/webtoon/list.nhn?titleId=725829&weekday=wed,39,14
101,원수를 사랑하라,733079,https://comic.naver.com/webtoon/list.nhn?titleId=733079&weekday=wed,14,15
102,치즈인더트랩 (재),720121,https://comic.naver.com/webtoon/list.nhn?titleId=720121&weekday=wed,304,16
103,그래서 나는 안티팬과 결혼했다,721457,https://comic.naver.com/webtoon/list.nhn?titleId=721457&weekday=wed,57,17
104,언덕 위의 제임스,671421,https://comic.naver.com/webtoon/list.nhn?titleId=671421&weekday=wed,205,18
105,귀곡의 문,718020,https://comic.naver.com/webtoon/list.nhn?titleId=718020&weekday=wed,61,19
106,갓물주,731297,https://comic.naver.com/webtoon/list.nhn?titleId=731297&weekday=wed,21,20
107,판타지 여동생!,730425,https://comic.naver.com/webtoon/list.nhn?titleId=730425&weekday=wed,24,21
108,럭키언럭키,736281,https://comic.naver.com/webtoon/list.nhn?titleId=736281&weekday=wed,6,22
109,모죠의 일지,728015,https://comic.naver.com/webtoon/list.nhn?titleId=728015&weekday=wed,64,23
110,정순애 식당,731978,https://comic.naver.com/webtoon/list.nhn?titleId=731978&weekday=wed,6,24
111,그 판타지 세계에서 사는 법,316909,https://comic.naver.com/webtoon/list.nhn?titleId=316909&weekday=wed,261,25
112,일렉시드,717481,https://comic.naver.com/webtoon/list.nhn?titleId=717481&weekday=wed,63,26
113,방탈출,733034,https://comic.naver.com/webtoon/list.nhn?titleId=733034&weekday=wed,14,27
114,커넥트,727268,https://comic.naver.com/webtoon/list.nhn?titleId=727268&weekday=wed,31,28
115,203호 저승사자,670140,https://comic.naver.com/webtoon/list.nhn?titleId=670140&weekday=wed,110,29
116,씬커,635174,https://comic.naver.com/webtoon/list.nhn?titleId=635174&weekday=wed,213,30
117,신선비,735254,https://comic.naver.com/webtoon/list.nhn?titleId=735254&weekday=wed,5,31
118,오라존미,722386,https://comic.naver.com/webtoon/list.nhn?titleId=722386&weekday=wed,48,32
119,캐슬,736744,https://comic.naver.com/webtoon/list.nhn?titleId=736744&weekday=wed,4,33
120,귀신이지만 사랑하고 싶어,735982,https://comic.naver.com/webtoon/list.nhn?titleId=735982&weekday=wed,6,34
121,칼부림,602916,https://comic.naver.com/webtoon/list.nhn?titleId=602916&weekday=wed,239,35
122,닥터앤닥터 육아일기,732955,https://comic.naver.com/webtoon/list.nhn?titleId=732955&weekday=wed,31,36
123,자취로운 생활,714834,https://comic.naver.com/webtoon/list.nhn?titleId=714834&weekday=wed,141,37
124,밀웜,734041,https://comic.naver.com/webtoon/list.nhn?titleId=734041&weekday=wed,13,38
125,텃밭부 사건일지,732259,https://comic.naver.com/webtoon/list.nhn?titleId=732259&weekday=wed,17,39
126,내 어린고양이와 늙은개 (재),720120,https://comic.naver.com/webtoon/list.nhn?titleId=720120&weekday=wed,160,40
127,"수상한 자판기 (feat,금연)",733082,https://comic.naver.com/webtoon/list.nhn?titleId=733082&weekday=wed,5,41
128,저승사자 출입금지,736699,https://comic.naver.com/webtoon/list.nhn?titleId=736699&weekday=wed,4,42
129,나의 우주,731939,https://comic.naver.com/webtoon/list.nhn?titleId=731939&weekday=wed,19,43
130,어쩐지 수상하더라,733137,https://comic.naver.com/webtoon/list.nhn?titleId=733137&weekday=wed,15,44
131,푸른사막 아아루,697254,https://comic.naver.com/webtoon/list.nhn?titleId=697254&weekday=wed,124,45
132,로베스의 완전감각,716164,https://comic.naver.com/webtoon/list.nhn?titleId=716164&weekday=wed,66,46
133,오버더문,737836,https://comic.naver.com/webtoon/list.nhn?titleId=737836&weekday=wed,1,47
134,FM보이,737009,https://comic.naver.com/webtoon/list.nhn?titleId=737009&weekday=wed,1,48
135,연애혁명,570503,https://comic.naver.com/webtoon/list.nhn?titleId=570503&weekday=thu,290,1
136,좀비딸,715772,https://comic.naver.com/webtoon/list.nhn?titleId=715772&weekday=thu,63,2
137,이두나!,731130,https://comic.naver.com/webtoon/list.nhn?titleId=731130&weekday=thu,21,3
138,최강전설 강해효,570506,https://comic.naver.com/webtoon/list.nhn?titleId=570506&weekday=thu,327,4
139,간 떨어지는 동거,699415,https://comic.naver.com/webtoon/list.nhn?titleId=699415&weekday=thu,123,5
140,전자오락수호대,637931,https://comic.naver.com/webtoon/list.nhn?titleId=637931&weekday=thu,201,6
141,하드캐리,710761,https://comic.naver.com/webtoon/list.nhn?titleId=710761&weekday=thu,79,7
142,금요일 베스트,720128,https://comic.naver.com/webtoon/list.nhn?titleId=720128&weekday=thu,53,8
143,쿠베라,131385,https://comic.naver.com/webtoon/list.nhn?titleId=131385&weekday=thu,430,9
144,겟백,727798,https://comic.naver.com/webtoon/list.nhn?titleId=727798&weekday=thu,31,10
145,가담항설,670144,https://comic.naver.com/webtoon/list.nhn?titleId=670144&weekday=thu,203,11
146,안개무덤,731930,https://comic.naver.com/webtoon/list.nhn?titleId=731930&weekday=thu,7,12
147,트롤트랩,701700,https://comic.naver.com/webtoon/list.nhn?titleId=701700&weekday=thu,111,13
148,백귀야행지,646358,https://comic.naver.com/webtoon/list.nhn?titleId=646358&weekday=thu,255,14
149,어쩔꼰대,730389,https://comic.naver.com/webtoon/list.nhn?titleId=730389&weekday=thu,10,15
150,병의 기록,728619,https://comic.naver.com/webtoon/list.nhn?titleId=728619&weekday=thu,29,16
151,셧업앤댄스,737032,https://comic.naver.com/webtoon/list.nhn?titleId=737032&weekday=thu,4,17
152,만물의 영장,729964,https://comic.naver.com/webtoon/list.nhn?titleId=729964&weekday=thu,23,18
153,로그아웃,733033,https://comic.naver.com/webtoon/list.nhn?titleId=733033&weekday=thu,15,19
154,이계 무슨 황비,729086,https://comic.naver.com/webtoon/list.nhn?titleId=729086&weekday=thu,28,20
155,5kg을 위하여,710639,https://comic.naver.com/webtoon/list.nhn?titleId=710639&weekday=thu,170,21
156,가타부타타,729040,https://comic.naver.com/webtoon/list.nhn?titleId=729040&weekday=thu,27,22
157,무모협지,726842,https://comic.naver.com/webtoon/list.nhn?titleId=726842&weekday=thu,33,23
158,아르마,710768,https://comic.naver.com/webtoon/list.nhn?titleId=710768&weekday=thu,83,24
159,특수 영능력 수사반,160469,https://comic.naver.com/webtoon/list.nhn?titleId=160469&weekday=thu,353,25
160,Doll 체인지,693444,https://comic.naver.com/webtoon/list.nhn?titleId=693444&weekday=thu,141,26
161,미드나잇 체이서,724482,https://comic.naver.com/webtoon/list.nhn?titleId=724482&weekday=thu,43,27
162,킬더킹,670145,https://comic.naver.com/webtoon/list.nhn?titleId=670145&weekday=thu,195,28
163,겟라이프,733076,https://comic.naver.com/webtoon/list.nhn?titleId=733076&weekday=thu,13,29
164,롤랑롤랑,715935,https://comic.naver.com/webtoon/list.nhn?titleId=715935&weekday=thu,66,30
165,깁스맨,733077,https://comic.naver.com/webtoon/list.nhn?titleId=733077&weekday=thu,11,31
166,네트를 넘어 V,736875,https://comic.naver.com/webtoon/list.nhn?titleId=736875&weekday=thu,3,32
167,오일머니,726091,https://comic.naver.com/webtoon/list.nhn?titleId=726091&weekday=thu,37,33
168,스테어스,736928,https://comic.naver.com/webtoon/list.nhn?titleId=736928&weekday=thu,3,34
169,날 가져요,721459,https://comic.naver.com/webtoon/list.nhn?titleId=721459&weekday=thu,64,35
170,밤하늘에 구름운,736274,https://comic.naver.com/webtoon/list.nhn?titleId=736274&weekday=thu,3,36
171,헬프탑,726210,https://comic.naver.com/webtoon/list.nhn?titleId=726210&weekday=thu,34,37
172,모퉁이 뜨개방,727191,https://comic.naver.com/webtoon/list.nhn?titleId=727191&weekday=thu,32,38
173,방 안의 코끼리,718017,https://comic.naver.com/webtoon/list.nhn?titleId=718017&weekday=thu,34,39
174,갓도령스,732255,https://comic.naver.com/webtoon/list.nhn?titleId=732255&weekday=thu,17,40
175,열등의 조건,733638,https://comic.naver.com/webtoon/list.nhn?titleId=733638&weekday=thu,13,41
176,더 복서,736989,https://comic.naver.com/webtoon/list.nhn?titleId=736989&weekday=thu,3,42
177,사소한 냐냐,730811,https://comic.naver.com/webtoon/list.nhn?titleId=730811&weekday=thu,45,43
178,루시퍼의 경호원,730202,https://comic.naver.com/webtoon/list.nhn?titleId=730202&weekday=thu,24,44
179,외모지상주의,641253,https://comic.naver.com/webtoon/list.nhn?titleId=641253&weekday=fri,264,1
180,갓 오브 하이스쿨,318995,https://comic.naver.com/webtoon/list.nhn?titleId=318995&weekday=fri,443,2
181,스위트홈,701081,https://comic.naver.com/webtoon/list.nhn?titleId=701081&weekday=fri,113,3
182,이제 곧 죽습니다,727189,https://comic.naver.com/webtoon/list.nhn?titleId=727189&weekday=fri,34,4
183,덴마,119874,https://comic.naver.com/webtoon/list.nhn?titleId=119874&weekday=fri,1408,5
184,더 게이머,552960,https://comic.naver.com/webtoon/list.nhn?titleId=552960&weekday=fri,306,6
185,테러맨,670149,https://comic.naver.com/webtoon/list.nhn?titleId=670149&weekday=fri,187,7
186,닥터 프로스트 시즌 3~4,655749,https://comic.naver.com/webtoon/list.nhn?titleId=655749&weekday=fri,51,8
187,1초,725586,https://comic.naver.com/webtoon/list.nhn?titleId=725586&weekday=fri,39,9
188,재혼 황후,735661,https://comic.naver.com/webtoon/list.nhn?titleId=735661&weekday=fri,7,10
189,현혹,734040,https://comic.naver.com/webtoon/list.nhn?titleId=734040&weekday=fri,11,11
190,용비불패 완전판,723714,https://comic.naver.com/webtoon/list.nhn?titleId=723714&weekday=fri,134,12
191,화장 지워주는 남자,710754,https://comic.naver.com/webtoon/list.nhn?titleId=710754&weekday=fri,84,13
192,걸어서 30분,700844,https://comic.naver.com/webtoon/list.nhn?titleId=700844&weekday=fri,115,14
193,삼국지톡,711422,https://comic.naver.com/webtoon/list.nhn?titleId=711422&weekday=fri,164,15
194,금붕어,723790,https://comic.naver.com/webtoon/list.nhn?titleId=723790&weekday=fri,45,16
195,복학생 정순이,735243,https://comic.naver.com/webtoon/list.nhn?titleId=735243&weekday=fri,8,17
196,난약,729044,https://comic.naver.com/webtoon/list.nhn?titleId=729044&weekday=fri,23,18
197,냐한남자,708452,https://comic.naver.com/webtoon/list.nhn?titleId=708452&weekday=fri,90,19
198,구독금지,730466,https://comic.naver.com/webtoon/list.nhn?titleId=730466&weekday=fri,9,20
199,트럼프,524520,https://comic.naver.com/webtoon/list.nhn?titleId=524520&weekday=fri,265,21
200,몽홀,644112,https://comic.naver.com/webtoon/list.nhn?titleId=644112&weekday=fri,245,22
201,내 여자친구는 상남자,713581,https://comic.naver.com/webtoon/list.nhn?titleId=713581&weekday=fri,133,23
202,가슴털 로망스,729963,https://comic.naver.com/webtoon/list.nhn?titleId=729963&weekday=fri,25,24
203,소심한 팔레트,729571,https://comic.naver.com/webtoon/list.nhn?titleId=729571&weekday=fri,18,25
204,골든 체인지,685460,https://comic.naver.com/webtoon/list.nhn?titleId=685460&weekday=fri,145,26
205,하르모니아,709732,https://comic.naver.com/webtoon/list.nhn?titleId=709732&weekday=fri,80,27
206,옆집친구,718019,https://comic.naver.com/webtoon/list.nhn?titleId=718019&weekday=fri,60,28
207,금혼령-조선혼인금지령,729938,https://comic.naver.com/webtoon/list.nhn?titleId=729938&weekday=fri,25,29
208,고래별,729767,https://comic.naver.com/webtoon/list.nhn?titleId=729767&weekday=fri,25,30
209,라스트 서브미션,723357,https://comic.naver.com/webtoon/list.nhn?titleId=723357&weekday=fri,45,31
210,소녀 연대기,718016,https://comic.naver.com/webtoon/list.nhn?titleId=718016&weekday=fri,60,32
211,자취로운 생활,714834,https://comic.naver.com/webtoon/list.nhn?titleId=714834&weekday=fri,141,33
212,사우러스,726211,https://comic.naver.com/webtoon/list.nhn?titleId=726211&weekday=fri,34,34
213,구원자,733284,https://comic.naver.com/webtoon/list.nhn?titleId=733284&weekday=fri,14,35
214,꽃미남 저승사자,721461,https://comic.naver.com/webtoon/list.nhn?titleId=721461&weekday=fri,75,36
215,후덜덜덜 남극전자,732036,https://comic.naver.com/webtoon/list.nhn?titleId=732036&weekday=fri,18,37
216,버그,724431,https://comic.naver.com/webtoon/list.nhn?titleId=724431&weekday=fri,44,38
217,사냥개들,727784,https://comic.naver.com/webtoon/list.nhn?titleId=727784&weekday=fri,31,39
218,대표님이 구독하셨습니다,729089,https://comic.naver.com/webtoon/list.nhn?titleId=729089&weekday=fri,27,40
219,꼬맹이를 부탁해!,733395,https://comic.naver.com/webtoon/list.nhn?titleId=733395&weekday=fri,13,41
220,"열렬하게, 단하나",722542,https://comic.naver.com/webtoon/list.nhn?titleId=722542&weekday=fri,19,42
221,하루,733746,https://comic.naver.com/webtoon/list.nhn?titleId=733746&weekday=fri,12,43
222,합법해적 파르페,729036,https://comic.naver.com/webtoon/list.nhn?titleId=729036&weekday=fri,19,44
223,용이산다,568986,https://comic.naver.com/webtoon/list.nhn?titleId=568986&weekday=sat,185,1
224,호랑이형님,650305,https://comic.naver.com/webtoon/list.nhn?titleId=650305&weekday=sat,238,2
225,유미의 세포들,651673,https://comic.naver.com/webtoon/list.nhn?titleId=651673&weekday=sat,442,3
226,프리드로우,597447,https://comic.naver.com/webtoon/list.nhn?titleId=597447&weekday=sat,315,4
227,부활남,670139,https://comic.naver.com/webtoon/list.nhn?titleId=670139&weekday=sat,175,5
228,비질란테,703843,https://comic.naver.com/webtoon/list.nhn?titleId=703843&weekday=sat,84,6
229,취사병 전설이 되다,727188,https://comic.naver.com/webtoon/list.nhn?titleId=727188&weekday=sat,34,7
230,머니게임,720190,https://comic.naver.com/webtoon/list.nhn?titleId=720190&weekday=sat,55,8
231,노곤하개,702672,https://comic.naver.com/webtoon/list.nhn?titleId=702672&weekday=sat,184,9
232,스터디그룹,721948,https://comic.naver.com/webtoon/list.nhn?titleId=721948&weekday=sat,49,10
233,나이트런,64997,https://comic.naver.com/webtoon/list.nhn?titleId=64997&weekday=sat,497,11
234,윌유메리미,616239,https://comic.naver.com/webtoon/list.nhn?titleId=616239&weekday=sat,584,12
235,회춘,737018,https://comic.naver.com/webtoon/list.nhn?titleId=737018&weekday=sat,2,13
236,치즈인더트랩 (재),720121,https://comic.naver.com/webtoon/list.nhn?titleId=720121&weekday=sat,304,14
237,어글리후드,703630,https://comic.naver.com/webtoon/list.nhn?titleId=703630&weekday=sat,105,15
238,나를 바꿔줘,733280,https://comic.naver.com/webtoon/list.nhn?titleId=733280&weekday=sat,14,16
239,갓핑크,715159,https://comic.naver.com/webtoon/list.nhn?titleId=715159&weekday=sat,68,17
240,모죠의 일지,728015,https://comic.naver.com/webtoon/list.nhn?titleId=728015&weekday=sat,64,18
241,초인의 시대,730694,https://comic.naver.com/webtoon/list.nhn?titleId=730694&weekday=sat,23,19
242,먹이,724274,https://comic.naver.com/webtoon/list.nhn?titleId=724274&weekday=sat,42,20
243,우리 오빠는 아이돌,700843,https://comic.naver.com/webtoon/list.nhn?titleId=700843&weekday=sat,117,21
244,친애하는 X,730204,https://comic.naver.com/webtoon/list.nhn?titleId=730204&weekday=sat,23,22
245,5kg을 위하여,710639,https://comic.naver.com/webtoon/list.nhn?titleId=710639&weekday=sat,170,23
246,여고전설,736227,https://comic.naver.com/webtoon/list.nhn?titleId=736227&weekday=sat,4,24
247,탑코너,732021,https://comic.naver.com/webtoon/list.nhn?titleId=732021&weekday=sat,18,25
248,MZ-레이징 인페르노,712694,https://comic.naver.com/webtoon/list.nhn?titleId=712694&weekday=sat,79,26
249,홍시는 날 좋아해!,703839,https://comic.naver.com/webtoon/list.nhn?titleId=703839&weekday=sat,92,27
250,살人스타그램,726095,https://comic.naver.com/webtoon/list.nhn?titleId=726095&weekday=sat,38,28
251,공유몽,729047,https://comic.naver.com/webtoon/list.nhn?titleId=729047&weekday=sat,23,29
252,2인용 인간,710769,https://comic.naver.com/webtoon/list.nhn?titleId=710769&weekday=sat,82,30
253,열불 로맨스,725552,https://comic.naver.com/webtoon/list.nhn?titleId=725552&weekday=sat,38,31
254,틴맘,726467,https://comic.naver.com/webtoon/list.nhn?titleId=726467&weekday=sat,34,32
255,동토의 여명,678494,https://comic.naver.com/webtoon/list.nhn?titleId=678494&weekday=sat,135,33
256,아홉수 우리들,724815,https://comic.naver.com/webtoon/list.nhn?titleId=724815&weekday=sat,41,34
257,고인의 명복,716776,https://comic.naver.com/webtoon/list.nhn?titleId=716776&weekday=sat,61,35
258,퓨리스틱,733771,https://comic.naver.com/webtoon/list.nhn?titleId=733771&weekday=sat,12,36
259,압락사스,729563,https://comic.naver.com/webtoon/list.nhn?titleId=729563&weekday=sat,19,37
260,유령극단,732256,https://comic.naver.com/webtoon/list.nhn?titleId=732256&weekday=sat,16,38
261,머리카락을 뽑으면,729038,https://comic.naver.com/webtoon/list.nhn?titleId=729038&weekday=sat,27,39
262,우주최강대스타,721462,https://comic.naver.com/webtoon/list.nhn?titleId=721462&weekday=sat,66,40
263,두근두근 마감 중,729003,https://comic.naver.com/webtoon/list.nhn?titleId=729003&weekday=sat,29,41
264,마음의 숙제,721919,https://comic.naver.com/webtoon/list.nhn?titleId=721919&weekday=sat,49,42
265,천사가 아니야,729084,https://comic.naver.com/webtoon/list.nhn?titleId=729084&weekday=sat,29,43
266,먹지마세요,735078,https://comic.naver.com/webtoon/list.nhn?titleId=735078&weekday=sat,10,44
267,도사 가온,733277,https://comic.naver.com/webtoon/list.nhn?titleId=733277&weekday=sat,13,45
268,법대로 사랑하라,734011,https://comic.naver.com/webtoon/list.nhn?titleId=734011&weekday=sat,12,46
269,열렙전사,670152,https://comic.naver.com/webtoon/list.nhn?titleId=670152&weekday=sun,203,1
270,덴마,119874,https://comic.naver.com/webtoon/list.nhn?titleId=119874&weekday=sun,1408,2
271,약한영웅,710751,https://comic.naver.com/webtoon/list.nhn?titleId=710751&weekday=sun,79,3
272,맘마미안,729326,https://comic.naver.com/webtoon/list.nhn?titleId=729326&weekday=sun,27,4
273,마법스크롤 상인 지오,655746,https://comic.naver.com/webtoon/list.nhn?titleId=655746&weekday=sun,218,5
274,다이스(DICE),557676,https://comic.naver.com/webtoon/list.nhn?titleId=557676&weekday=sun,318,6
275,돼지우리,724854,https://comic.naver.com/webtoon/list.nhn?titleId=724854&weekday=sun,41,7
276,싸움독학,736277,https://comic.naver.com/webtoon/list.nhn?titleId=736277&weekday=sun,4,8
277,마루한 - 구현동화전,624632,https://comic.naver.com/webtoon/list.nhn?titleId=624632&weekday=sun,135,9
278,닭강정,734008,https://comic.naver.com/webtoon/list.nhn?titleId=734008&weekday=sun,13,10
279,검은인간,718021,https://comic.naver.com/webtoon/list.nhn?titleId=718021&weekday=sun,50,11
280,도망자,690503,https://comic.naver.com/webtoon/list.nhn?titleId=690503&weekday=sun,153,12
281,인싸라이프,732224,https://comic.naver.com/webtoon/list.nhn?titleId=732224&weekday=sun,5,13
282,행성인간,733047,https://comic.naver.com/webtoon/list.nhn?titleId=733047&weekday=sun,15,14
283,호랭총각,22897,https://comic.naver.com/webtoon/list.nhn?titleId=22897&weekday=sun,622,15
284,내일,695796,https://comic.naver.com/webtoon/list.nhn?titleId=695796&weekday=sun,133,16
285,구름이 피워낸 꽃,727476,https://comic.naver.com/webtoon/list.nhn?titleId=727476&weekday=sun,34,17
286,스퍼,730259,https://comic.naver.com/webtoon/list.nhn?titleId=730259&weekday=sun,24,18
287,호러전파상,729037,https://comic.naver.com/webtoon/list.nhn?titleId=729037&weekday=sun,28,19
288,극야,721463,https://comic.naver.com/webtoon/list.nhn?titleId=721463&weekday=sun,52,20
289,합격시켜주세용,728128,https://comic.naver.com/webtoon/list.nhn?titleId=728128&weekday=sun,31,21
290,인어를 위한 수영교실,728900,https://comic.naver.com/webtoon/list.nhn?titleId=728900&weekday=sun,29,22
291,강남도깨비,733728,https://comic.naver.com/webtoon/list.nhn?titleId=733728&weekday=sun,13,23
292,가비지타임,703844,https://comic.naver.com/webtoon/list.nhn?titleId=703844&weekday=sun,42,24
293,닥터앤닥터 육아일기,732955,https://comic.naver.com/webtoon/list.nhn?titleId=732955&weekday=sun,31,25
294,패밀리 사이즈,626906,https://comic.naver.com/webtoon/list.nhn?titleId=626906&weekday=sun,543,26
295,괴물신부,728751,https://comic.naver.com/webtoon/list.nhn?titleId=728751&weekday=sun,30,27
296,라일락 200%,736641,https://comic.naver.com/webtoon/list.nhn?titleId=736641&weekday=sun,4,28
297,내 어린고양이와 늙은개 (재),720120,https://comic.naver.com/webtoon/list.nhn?titleId=720120&weekday=sun,160,29
298,오로지 너를 이기고 싶어,730657,https://comic.naver.com/webtoon/list.nhn?titleId=730657&weekday=sun,23,30
299,평행도시,730607,https://comic.naver.com/webtoon/list.nhn?titleId=730607&weekday=sun,23,31
300,꽃 피는 날,703841,https://comic.naver.com/webtoon/list.nhn?titleId=703841&weekday=sun,97,32
301,오늘도 사랑하세요,733768,https://comic.naver.com/webtoon/list.nhn?titleId=733768&weekday=sun,12,33
302,점핑오버,703833,https://comic.naver.com/webtoon/list.nhn?titleId=703833&weekday=sun,74,34
303,웅이는 배고파,697535,https://comic.naver.com/webtoon/list.nhn?titleId=697535&weekday=sun,128,35
304,무주의 맹시,726454,https://comic.naver.com/webtoon/list.nhn?titleId=726454&weekday=sun,37,36
305,타인의 로맨스,729043,https://comic.naver.com/webtoon/list.nhn?titleId=729043&weekday=sun,24,37
306,Here U Are,721109,https://comic.naver.com/webtoon/list.nhn?titleId=721109&weekday=sun,86,38
307,위험한 신입사원,729883,https://comic.naver.com/webtoon/list.nhn?titleId=729883&weekday=sun,16,39
308,냥하무인,719507,https://comic.naver.com/webtoon/list.nhn?titleId=719507&weekday=sun,56,40
309,만찢남녀,733274,https://comic.naver.com/webtoon/list.nhn?titleId=733274&weekday=sun,13,41
310,8월의 눈보라,703856,https://comic.naver.com/webtoon/list.nhn?titleId=703856&weekday=sun,57,42
311,그녀의 버킷리스트,734012,https://comic.naver.com/webtoon/list.nhn?titleId=734012&weekday=sun,12,43
312,속삭이는 e로맨스,723414,https://comic.naver.com/webtoon/list.nhn?titleId=723414&weekday=sun,45,44
313,갓!김치,730258,https://comic.naver.com/webtoon/list.nhn?titleId=730258&weekday=sun,24,45
314,호곡,713055,https://comic.naver.com/webtoon/list.nhn?titleId=713055&weekday=sun,77,46
315,GO!구마 가족,737506,https://comic.naver.com/webtoon/list.nhn?titleId=737506&weekday=sun,2,47
316,별이삼샵,737628,https://comic.naver.com/webtoon/list.nhn?titleId=737628&weekday=sun,1,48
